sample_id	group	sample_index	target_detected	pct_target	site	depth_m	date_sampled	lat	lon	notes	R1	R2
L1	L	74	COI_LerayXT	92	NA	NA	NA	NA	NA		RUN29/L1_S74_L001_R1_001.fastq.gz	RUN29/L1_S74_L001_R2_001.fastq.gz
L2	L	75	COI_LerayXT	93	NA	NA	NA	NA	NA		RUN29/L2_S75_L001_R1_001.fastq.gz	RUN29/L2_S75_L001_R2_001.fastq.gz
L3	L	76	COI_LerayXT	93	NA	NA	NA	NA	NA		RUN29/L3_S76_L001_R1_001.fastq.gz	RUN29/L3_S76_L001_R2_001.fastq.gz
L4	L	77	COI_LerayXT	94	NA	NA	NA	NA	NA		RUN29/L4_S77_L001_R1_001.fastq.gz	RUN29/L4_S77_L001_R2_001.fastq.gz
L5	L	78	COI_LerayXT	93	NA	NA	NA	NA	NA		RUN29/L5_S78_L001_R1_001.fastq.gz	RUN29/L5_S78_L001_R2_001.fastq.gz
L6	L	79	COI_LerayXT	92	NA	NA	NA	NA	NA		RUN29/L6_S79_L001_R1_001.fastq.gz	RUN29/L6_S79_L001_R2_001.fastq.gz
L7	L	80	COI_LerayXT	93	NA	NA	NA	NA	NA		RUN29/L7_S80_L001_R1_001.fastq.gz	RUN29/L7_S80_L001_R2_001.fastq.gz
L8	L	81	COI_LerayXT	92	NA	NA	NA	NA	NA		RUN29/L8_S81_L001_R1_001.fastq.gz	RUN29/L8_S81_L001_R2_001.fastq.gz
L9	L	82	COI_LerayXT	94	NA	NA	NA	NA	NA		RUN29/L9_S82_L001_R1_001.fastq.gz	RUN29/L9_S82_L001_R2_001.fastq.gz
L10	L	83	COI_LerayXT	94	NA	NA	NA	NA	NA		RUN29/L10_S83_L001_R1_001.fastq.gz	RUN29/L10_S83_L001_R2_001.fastq.gz
L11	L	84	COI_LerayXT	92	NA	NA	NA	NA	NA		RUN29/L11_S84_L001_R1_001.fastq.gz	RUN29/L11_S84_L001_R2_001.fastq.gz
L12	L	85	COI_LerayXT	92	NA	NA	NA	NA	NA		RUN29/L12_S85_L001_R1_001.fastq.gz	RUN29/L12_S85_L001_R2_001.fastq.gz
L13	L	86	COI_LerayXT	94	NA	NA	NA	NA	NA		RUN29/L13_S86_L001_R1_001.fastq.gz	RUN29/L13_S86_L001_R2_001.fastq.gz
L14	L	87	COI_LerayXT	93	NA	NA	NA	NA	NA		RUN29/L14_S87_L001_R1_001.fastq.gz	RUN29/L14_S87_L001_R2_001.fastq.gz
L15	L	88	COI_LerayXT	94	NA	NA	NA	NA	NA		RUN29/L15_S88_L001_R1_001.fastq.gz	RUN29/L15_S88_L001_R2_001.fastq.gz
L16	L	89	COI_LerayXT	93	NA	NA	NA	NA	NA		RUN29/L16_S89_L001_R1_001.fastq.gz	RUN29/L16_S89_L001_R2_001.fastq.gz
L17	L	90	COI_LerayXT	93	NA	NA	NA	NA	NA		RUN29/L17_S90_L001_R1_001.fastq.gz	RUN29/L17_S90_L001_R2_001.fastq.gz
L18	L	91	COI_LerayXT	93	NA	NA	NA	NA	NA		RUN29/L18_S91_L001_R1_001.fastq.gz	RUN29/L18_S91_L001_R2_001.fastq.gz
L19	L	92	COI_LerayXT	93	NA	NA	NA	NA	NA		RUN29/L19_S92_L001_R1_001.fastq.gz	RUN29/L19_S92_L001_R2_001.fastq.gz
L20	L	93	COI_LerayXT	92	NA	NA	NA	NA	NA		RUN29/L20_S93_L001_R1_001.fastq.gz	RUN29/L20_S93_L001_R2_001.fastq.gz
L21	L	94	COI_LerayXT	93	NA	NA	NA	NA	NA		RUN29/L21_S94_L001_R1_001.fastq.gz	RUN29/L21_S94_L001_R2_001.fastq.gz
L22	L	95	COI_LerayXT	94	NA	NA	NA	NA	NA		RUN29/L22_S95_L001_R1_001.fastq.gz	RUN29/L22_S95_L001_R2_001.fastq.gz
L23	L	96	COI_LerayXT	92	NA	NA	NA	NA	NA		RUN29/L23_S96_L001_R1_001.fastq.gz	RUN29/L23_S96_L001_R2_001.fastq.gz
L24	L	97	COI_LerayXT	93	NA	NA	NA	NA	NA		RUN29/L24_S97_L001_R1_001.fastq.gz	RUN29/L24_S97_L001_R2_001.fastq.gz
L25	L	98	COI_LerayXT	93	NA	NA	NA	NA	NA		RUN29/L25_S98_L001_R1_001.fastq.gz	RUN29/L25_S98_L001_R2_001.fastq.gz
L26	L	99	COI_LerayXT	93	NA	NA	NA	NA	NA		RUN29/L26_S99_L001_R1_001.fastq.gz	RUN29/L26_S99_L001_R2_001.fastq.gz
L27	L	100	COI_LerayXT	93	NA	NA	NA	NA	NA		RUN29/L27_S100_L001_R1_001.fastq.gz	RUN29/L27_S100_L001_R2_001.fastq.gz
L28	L	101	COI_LerayXT	93	NA	NA	NA	NA	NA		RUN29/L28_S101_L001_R1_001.fastq.gz	RUN29/L28_S101_L001_R2_001.fastq.gz
L29	L	102	COI_LerayXT	93	NA	NA	NA	NA	NA		RUN29/L29_S102_L001_R1_001.fastq.gz	RUN29/L29_S102_L001_R2_001.fastq.gz
L30	L	103	COI_LerayXT	93	NA	NA	NA	NA	NA		RUN29/L30_S103_L001_R1_001.fastq.gz	RUN29/L30_S103_L001_R2_001.fastq.gz
L31	L	104	COI_LerayXT	93	NA	NA	NA	NA	NA		RUN29/L31_S104_L001_R1_001.fastq.gz	RUN29/L31_S104_L001_R2_001.fastq.gz
L32	L	105	COI_LerayXT	94	NA	NA	NA	NA	NA		RUN29/L32_S105_L001_R1_001.fastq.gz	RUN29/L32_S105_L001_R2_001.fastq.gz
L33	L	106	COI_LerayXT	93	NA	NA	NA	NA	NA		RUN29/L33_S106_L001_R1_001.fastq.gz	RUN29/L33_S106_L001_R2_001.fastq.gz
L34	L	107	COI_LerayXT	93	NA	NA	NA	NA	NA		RUN29/L34_S107_L001_R1_001.fastq.gz	RUN29/L34_S107_L001_R2_001.fastq.gz
L35	L	108	COI_LerayXT	92	NA	NA	NA	NA	NA		RUN29/L35_S108_L001_R1_001.fastq.gz	RUN29/L35_S108_L001_R2_001.fastq.gz
L36	L	109	COI_LerayXT	93	NA	NA	NA	NA	NA		RUN29/L36_S109_L001_R1_001.fastq.gz	RUN29/L36_S109_L001_R2_001.fastq.gz
L37	L	110	COI_LerayXT	93	NA	NA	NA	NA	NA		RUN29/L37_S110_L001_R1_001.fastq.gz	RUN29/L37_S110_L001_R2_001.fastq.gz
L38	L	111	COI_LerayXT	92	NA	NA	NA	NA	NA		RUN29/L38_S111_L001_R1_001.fastq.gz	RUN29/L38_S111_L001_R2_001.fastq.gz
